testmail21146,
testmail319814,
dummymail645775,
testmail721561,
dummymail153607,
dummymail136946,
testmail575373,
dummymail768744,
dummymail797019,
testmail220909,
dummymail162488,
testmail441317,
testmail240652,
dummymail692545,
testmail90548,
testmail715652,
dummymail481267,
dummymail492956,
testmail846739,
testmail139755,
testmail811325,
testmail900074,
testmail154639,
dummymail25651,
dummymail552624,
testmail332932,
dummymail920555,
dummymail929044,
dummymail612989,
testmail762545,
testmail124078,
dummymail663948,
testmail332707,
dummymail991547,
dummymail149765,
testmail959656,
testmail479306,
dummymail738667,
dummymail942012,
testmail557228,
testmail30994,
dummymail211209,
dummymail603596,
testmail27979,
dummymail852301,
dummymail738237,
dummymail850995,
testmail848664,
dummymail854953,
testmail185576,
testmail737837,
testmail722631,
dummymail202156,
dummymail769696,
testmail322041,
testmail956894,
testmail47778,
testmail858104,
testmail419467,
dummymail370674,
testmail757911,
dummymail247390,
dummymail17111,
testmail562482,
testmail783710,
testmail926396,
dummymail28930,
testmail358039,
testmail966924,
dummymail877375,
dummymail469876,
dummymail413344,
testmail678915,
testmail890134,
dummymail882048,
dummymail899267,
testmail746708,
dummymail108529,
testmail575254,
testmail785438,
testmail988861,
testmail261316,
dummymail502505,
dummymail820250,
testmail19409,
testmail906340,
dummymail82638,
dummymail473756,
testmail407885,
testmail703215,
dummymail764492,
testmail325662,
testmail962674,
testmail83162,
testmail152588,
dummymail17761,
testmail569152,
dummymail279830,
dummymail635558,
dummymail847756,
dummymail889057,
testmail653930,
dummymail613289,
dummymail182082,
dummymail431665,
testmail352013,
testmail761998,
dummymail982359,
testmail248432,
dummymail836286,
testmail331707,
testmail168254,
testmail325786,
testmail850478,
testmail516015,
testmail104535,
dummymail401121,
testmail97269,
testmail893169,
testmail281472,
testmail707224,
dummymail620433,
dummymail156896,
dummymail913450,
testmail102370,
testmail826805,
dummymail252588,
testmail523038,
dummymail415474,
dummymail794938,
dummymail347757,
dummymail873618,
testmail150897,
dummymail929509,
testmail534189,
dummymail381039,
dummymail74988,
dummymail7917,
testmail14037,
dummymail317174,
testmail834054,
dummymail973679,
testmail835533,
testmail217710,
dummymail85655,
testmail625028,
dummymail97526,
testmail437487,
dummymail529122,
testmail307500,
testmail488763,
dummymail92425,
testmail496109,
dummymail169221,
testmail924469,
testmail623307,
dummymail967265,
dummymail944710,
testmail210771,
testmail728895,
testmail179353,
dummymail350230,
testmail631053,
testmail284690,
testmail190547,
dummymail878955,
testmail365234,
testmail366834,
dummymail314102,
dummymail666901,
testmail31449,
dummymail925012,
testmail860359,
testmail900153,
dummymail541922,
testmail468613,
testmail130963,
testmail303243,
testmail169387,
testmail86070,
testmail244006,
dummymail757413,
testmail881206,
testmail714154,
dummymail123949,
testmail209878,
testmail766727,
testmail340814,
testmail397764,
dummymail231955,
testmail430995,
testmail825227,
testmail488341,
dummymail439966,
testmail667661,
dummymail148185,
testmail811589,
dummymail70772,
dummymail542458,
dummymail869942,
testmail727580,
dummymail300926,
testmail503690,
testmail539922,
dummymail943865,
dummymail326758,
dummymail382716,
testmail742886,
testmail504849,
testmail172985,
testmail561654,
testmail700104,
testmail197827,
testmail403381,
testmail609379,
testmail683079,
testmail535589,
dummymail639175,
testmail830940,
dummymail341454,
testmail770068,
dummymail386389,
testmail772154,
dummymail987570,
dummymail183926,
testmail885465,
dummymail115302,
testmail456797,
testmail52053,
testmail422629,
testmail463240,
dummymail838762,
dummymail359680,
dummymail360481,
dummymail710865,
dummymail632408,
testmail145145,
dummymail348019,
testmail400822,
dummymail124387,
dummymail639988,
testmail214987,
testmail497611,
dummymail109291,
testmail405365,
testmail680469,
testmail93287,
dummymail37826,
dummymail806005,
testmail7423,
testmail259238,
testmail374827,
dummymail351744,
dummymail138617,
testmail149350,
dummymail4189,
dummymail60182,
dummymail77408,
dummymail887280,
testmail307954,
testmail388831,
testmail156282,
testmail622902,
dummymail241586,
dummymail355195,
dummymail702017,
testmail812862,
testmail798679,
testmail787567,
testmail117984,
testmail867256,
testmail800775,
dummymail754639,
dummymail971595,
dummymail22595,
testmail76010,
testmail180472,
dummymail286751,
dummymail11759,
testmail47069,
dummymail185235,
testmail589158,
dummymail723938,
testmail640364,
dummymail255918,
dummymail273823,
dummymail450431,
dummymail475260,
dummymail967343,
testmail269665,
testmail141766,
testmail102817,
testmail467847,
dummymail35097,
testmail456916,
dummymail389631,
testmail435062,
dummymail183172,
testmail7062,
testmail249012,
testmail416988,
testmail771573,
testmail847447,
dummymail176162,
testmail426599,
testmail11766,
dummymail192219,
testmail467087,
dummymail141707,
dummymail370362,
dummymail383671,
testmail143518,
testmail302305,
dummymail970163,
testmail47500,
dummymail642125,
dummymail972649,
dummymail918808,
testmail803619,
testmail57060,
testmail841142,
testmail786126,
testmail843467,
dummymail684752,
dummymail705817,
testmail755665,
testmail7289,
testmail52341,
dummymail879966,
testmail533808,
dummymail758692,
dummymail441907,
dummymail661462,
dummymail908923,
testmail45242,
dummymail77548,
dummymail996008,
testmail972173,
testmail753018,
dummymail89669,
testmail145380,
testmail698558,
dummymail216245,
testmail444909,
testmail1631,
dummymail9991,
dummymail135541,
dummymail929890,
dummymail247398,
testmail924373,
testmail363296,
testmail182227,
dummymail438505,
testmail68801,
dummymail481851,
testmail441362,
testmail716817,
testmail398603,
dummymail864910,
dummymail353418,
dummymail71723,
dummymail260636,
testmail865586,
dummymail774958,
dummymail686498,
dummymail400970,
dummymail111807,
dummymail303835,
testmail438500,
dummymail348395,
dummymail738137,
testmail227605,
testmail365209,
testmail222299,
dummymail749776,
dummymail678602,
testmail905859,
testmail566519,
testmail341975,
dummymail722642,
testmail91962,
testmail125207,
dummymail228914,
testmail822777,
dummymail216513,
testmail47543,
dummymail649189,
dummymail716570,
dummymail586319,
testmail14443,
dummymail265790,
testmail256308,
dummymail201000,
dummymail701135,
dummymail408976,
dummymail266199,
testmail313679,
dummymail84208,
dummymail469922,
dummymail942150,
dummymail187360,
dummymail234455,
dummymail659119,
dummymail635873,
testmail53497,
testmail817939,
testmail854336,
dummymail995075,
testmail590445,
testmail399093,
dummymail831909,
testmail405892,
dummymail535305,
testmail363183,
dummymail280164,
dummymail861113,
dummymail212092,
testmail453588,
dummymail114018,
dummymail287856,
dummymail283042,
dummymail263493,
testmail961029,
testmail127737,
testmail12151,
testmail288242,
dummymail416249,
dummymail418891,
testmail668194,
testmail528450,
dummymail325123,
testmail838775,
testmail831693,
testmail71458,
dummymail927115,
testmail44542,
testmail949265,
testmail655065,
dummymail682062,
testmail92293,
testmail915384,
testmail720195,
testmail799786,
testmail932615,
testmail508043,
dummymail903239,
testmail653738,
dummymail262103,
testmail1290,
testmail512774,
testmail96397,
dummymail937765,
testmail433574,
dummymail439002,
testmail585689,
testmail855721,
testmail748832,
testmail456278,
testmail199202,
dummymail416513,
dummymail837695,
testmail880855,
testmail350927,
dummymail879176,
testmail802197,
dummymail35007,
testmail529423,
dummymail191068,
dummymail173449,
testmail822867,
testmail671178,
testmail3700,
testmail626878,
testmail804411,
dummymail379873,
testmail724096,
dummymail809372,
dummymail645167,
dummymail767130,
dummymail213277,
dummymail431494,
dummymail380704,
dummymail354961,
dummymail146601,
testmail760898,
dummymail990962,
testmail714434,
dummymail685108,
dummymail248374,
testmail464397,
dummymail605529,
dummymail172784,
testmail412617,
testmail643005,
testmail810149,
dummymail654403,
testmail749116,
testmail449166,
dummymail214388,
testmail392975,
dummymail161413,
dummymail824217,
testmail21884,
testmail600425,
testmail176507,
dummymail48668,
dummymail52657,
dummymail732450,
dummymail395903,
testmail869625,
dummymail129167,
dummymail876526,
testmail440130,
testmail625743,
testmail979540,
dummymail432703,
dummymail538638,
dummymail903026,
testmail552033,
testmail592466,
testmail502014,
dummymail866722,
testmail21342,
testmail84435,
dummymail445477,
testmail290106,
testmail207957,
testmail920880,
testmail225999,
dummymail255359,
dummymail16838,
dummymail869138,
dummymail593279,
testmail490334,
dummymail553626,
testmail474332,
dummymail950604,
testmail703927,
dummymail697087,
testmail174883,
dummymail492674,
testmail258380,
testmail951562,
testmail778750,
testmail285021,
dummymail184371,
dummymail127392,
testmail732670,
testmail698751,
testmail792560,
testmail479643,
dummymail859977,
dummymail169116,
dummymail666792,
dummymail424894,
testmail170767,
testmail135303,
dummymail121926,
testmail598165,
dummymail412928,
dummymail47747,
dummymail788893,
testmail248907,
testmail989259,
dummymail611061,
dummymail212566,
testmail336389,
testmail958251,
testmail444518,
testmail916071,
dummymail73971,
testmail297731,
testmail133573,
testmail699166,
dummymail557849,
testmail133651,
testmail486671,
dummymail197139,
testmail281389,
dummymail555982,
testmail317948,
testmail42379,
testmail755941,
dummymail244270,
testmail115828,
dummymail92984,
dummymail186347,
testmail418161,
testmail429189,
testmail413333,
dummymail349071,
dummymail582511,
testmail98129,
testmail622046,
testmail456717,
dummymail863182,
dummymail381200,
dummymail969966,
dummymail55409,
testmail285325,
testmail683433,
dummymail869063,
testmail67193,
dummymail197818,
dummymail484254,
dummymail599082,
testmail879043,
testmail352435,
dummymail355167,
dummymail978883,
testmail645011,
dummymail192009,
testmail504443,
dummymail318131,
dummymail122919,
testmail202082,
testmail447269,
dummymail862112,
testmail173860,
dummymail362456,
dummymail626720,
testmail49168,
dummymail245061,
testmail106908,
dummymail328096,
dummymail683471,
testmail138606,
dummymail503218,
testmail756926,
testmail456017,
dummymail493077,
testmail779282,
dummymail376879,
dummymail405606,
dummymail803136,
testmail51120,
dummymail50792,
dummymail180425,
dummymail95464,
dummymail160927,
testmail810572,
testmail379539,
dummymail286447